day,start_time,end_time,title,presenter,affiliation,location,track,type,paper_url,evaluation_url,description,menu_details,status
1,08:30,09:00,Welcome Breakfast & Registration,Organizing Committee,Vanguard Global Events Council,Main Foyer,General,general,,,"Welcome to the Annual Summit on Higher Education and Technology Innovation. Attendees are invited to collect their conference badges, digital credentials, and welcome materials while networking over fresh coffee and light refreshments in the main foyer before the opening ceremony.","Continental breakfast buffet including freshly baked pastries, seasonal fruit platters, artisanal espresso bars, and herbal teas. Gluten-free and vegan options clearly labeled.",
1,09:00,10:30,Opening Keynote: Reimagining Higher Education through Autonomous AI Frameworks,Prof. Alexander Vance,Apex Institute of Advanced Technology,Grand Auditorium,AI & Future Tech,keynote,https://example.org/papers/vance-ai-education-2026.pdf,https://example.org/eval/session-101,"As generative artificial intelligence transforms global industries, higher education institutions stand at a critical juncture. This keynote explores how adaptive neural architectures and autonomous tutoring systems are being deployed to create hyper-personalized learning pathways for undergraduate and postgraduate students. Drawing on multi-year longitudinal empirical data from over 15,000 enrolled learners across virtual campuses, Prof. Vance presents a comprehensive framework for ethical AI integration. The address addresses critical questions surrounding algorithmic equity, academic integrity, automated assessment calibration, and the evolving role of faculty from primary instruction providers to strategic knowledge facilitators. Empirical findings demonstrate a 34% increase in concept mastery and a 22% improvement in semester retention when personalized AI assistance is paired with structured human mentorship.","Prof. Alexander Vance is the Endowed Chair of Cognitive Systems and Learning Analytics at the Apex Institute of Advanced Technology. Over his 25-year academic career, he has published more than 140 peer-reviewed papers in leading international journals, authored three bestselling textbooks on machine learning in pedagogy, and advised national education ministries across five continents. He earned his Ph.D. in Computer Science from the Horizon Academy of Science and holds honorary doctorates from several international polytechnics. His current research focuses on privacy-preserving federated learning systems designed specifically for low-bandwidth educational environments.",
1,10:45,12:15,"Panel Discussion: POPIA, Data Governance, and Ethical Student Analytics",Dr. Sarah Jenkins & Panelists,Meridian Law & Ethics Research Center,Hall A,Policy & Governance,panel,https://example.org/papers/data-governance-framework.pdf,https://example.org/eval/session-102,"Institutions generate terabytes of granular student interaction data daily—from learning management system clickstreams to biometric access logs. While these data streams power predictive early-warning systems to identify at-risk students, they raise profound legal and ethical challenges regarding privacy, consent, and data ownership under international data protection laws including POPIA and GDPR. This panel brings together data privacy legal experts, institutional information officers, student privacy advocates, and chief technology officers to analyze real-world case studies. Key topics include obtaining informed consent in automated learning platforms, preventing algorithmic bias in financial aid distribution, establishing robust data retention protocols, and balancing predictive intervention with student autonomy.","Dr. Sarah Jenkins is Senior Fellow in Digital Governance at the Meridian Law & Ethics Research Center. She specializes in data protection law, privacy-by-design architectures, and digital ethics in public institutions. Prior to her academic appointment, she served as Chief Legal Counsel for the Global EdTech Standards Board. Panelists include Dr. Marcus Thorne (Director of Security, Sentinel Knowledge Labs), Advocate Maya Patel (Privacy Ombudsman, International Higher Ed Federation), and Prof. David Sterling (Head of Cyber Law, Beacon State Academy).",
1,13:30,15:00,Interactive Workshop: Building Resilient Micro-Credentialing Systems with Open Badges 3.0,Dr. Kenji Sato,Vanguard Academy of Applied Sciences,Innovation Lab 2,Curriculum Design,workshop,https://example.org/papers/microcredentials-guide.pdf,https://example.org/eval/session-103,"Traditional degree structures are increasingly being supplemented by granular, competency-based micro-credentials that allow lifelong learners to demonstrate industry-ready skills. In this hands-on technical workshop, participants will learn how to design, issue, and verify tamper-proof micro-credentials utilizing the Open Badges 3.0 standard and decentralized identity protocols. Attendees will build a complete end-to-end credentialing workflow during the session: defining skill taxonomy standards, binding cryptographic signatures to digital badges, embedding rich metadata evidence, and verifying badges against public ledger registries. Laptop required; code templates and sample API keys will be provided.","Dr. Kenji Sato is Chief Architect at the Vanguard Digital Credential Lab and a core contributor to international open educational standards. With over 15 years of software engineering and curriculum design experience, Dr. Sato has pioneered blockchain-verified transcript initiatives implemented by over 40 technical colleges worldwide. He holds a Ph.D. in Educational Informatics from the Pacific Graduate Institute and routinely consults for multinational certification bodies on workforce skills alignment.",
1,15:15,16:45,Paper Presentations: Next-Generation Extended Reality (XR) in Clinical Simulation,Dr. Elena Rostova & Team,Beacon Institute of Health Sciences,Room 304,Health Sciences & XR,session,https://example.org/papers/xr-clinical-simulation.pdf,https://example.org/eval/session-104,"High-fidelity clinical simulation has historically been constrained by physical space, specialized equipment costs, and limited instructor throughput. This session presents rigorous empirical findings from a multi-center randomized controlled trial assessing the efficacy of immersive spatial computing and haptic feedback devices in undergraduate surgical and emergency medicine training. Results demonstrate that students trained using VR/AR spatial scenarios achieved a 41% reduction in procedure completion time and a 28% decrease in procedural error rates compared to conventional mannequin-based simulation. The paper outlines hardware requirements, spatial asset pipeline optimization, and faculty debriefing methodologies.","Dr. Elena Rostova is Associate Professor of Medical Education and Director of the Immersive Health Lab at the Beacon Institute of Health Sciences. A practicing trauma surgeon and computer scientist, her dual background enables pioneering work in force-feedback surgical simulation. Co-presenters include Dr. Liam O'Connor (Lead Haptics Engineer, VirtuaMed Research) and Dr. Priya Nair (Chair of Nursing Pedagogy, Crestview Medical College).",
2,09:00,10:30,Keynote: Sustainable Institutional Infrastructure and Net-Zero Digital Campuses,Dr. Fatima Al-Mansoor,Global Eco-Tech Institute,Grand Auditorium,Sustainability & Operations,keynote,https://example.org/papers/al-mansoor-sustainable-campuses.pdf,https://example.org/eval/session-201,"University data centers, high-performance computing clusters, and massive physical plant operations contribute significantly to institutional carbon footprints. Dr. Al-Mansoor presents an operational roadmap for achieving net-zero campus infrastructure by integrating smart microgrids, renewable energy storage, green data center cooling architectures, and IoT-driven building management systems. Grounded in case studies from five pilot campuses that achieved a 60% reduction in carbon intensity within three years, this session outlines financial models, capital expenditure strategies, and student-led environmental monitoring initiatives that transform sustainability goals from passive targets into active learning environments.",Dr. Fatima Al-Mansoor is Vice President of Campus Infrastructure and Green Technologies at the Global Eco-Tech Institute. She holds a Doctorate in Sustainable Systems Engineering from the Solar & Renewable Energy Academy. Dr. Al-Mansoor has led multi-million dollar renewable conversion projects and serves as a technical advisor to the International Green Campus Coalition. Her research has been featured in Nature Sustainability and Energy Policy.,
2,10:45,12:15,Research Track: Machine Learning Applications in Early STEM Dropout Prevention,Prof. David Chen,Crestview Analytics Laboratory,Hall B,AI & Future Tech,session,https://example.org/papers/stem-dropout-prevention.pdf,https://example.org/eval/session-202,"Attrition in introductory Science, Technology, Engineering, and Mathematics (STEM) courses remains a persistent obstacle to broadening participation in technical fields. This paper introduces an open-source machine learning pipeline that analyzes continuous assessment patterns, forum participation velocity, and virtual laboratory completion metrics to flag struggling students weeks before traditional midterm exams. Crucially, the model incorporates fairness constraints to ensure equity across demographic groups and provides actionable diagnostic reports directly to academic advisors. The presentation detail evaluation across three academic years involving over 8,000 STEM students.","Prof. David Chen is Professor of Applied Data Science and Director of the Crestview Analytics Laboratory. His research focuses on predictive analytics, interpretable machine learning, and educational equity. He holds a Ph.D. in Statistics from the Horizon Academy of Science and has led grant-funded educational research projects total over $4M.",
2,13:30,15:00,Workshop: Designing Accessible Digital Learning Environments under WCAG 2.2,"Rachel Thorne, M.Ed.",Universal Access Research Network,Lab 4,Accessibility & Inclusion,workshop,https://example.org/papers/wcag-guidelines-education.pdf,https://example.org/eval/session-203,"Ensuring digital course content is fully accessible to learners with visual, auditory, motor, and cognitive disabilities is both a legal mandate and an ethical imperative. This hands-on workshop walks instruction designers and faculty through the practical implementation of Web Content Accessibility Guidelines (WCAG) 2.2 AA standards across learning management systems, PDF course readers, video lectures, and interactive quizzes. Attendees will use screen readers, automated accessibility audit tools, and color contrast analyzers to evaluate and remediate inaccessible course materials in real time.","Rachel Thorne, M.Ed., is Director of Inclusive Learning Technologies at the Universal Access Research Network. A certified Assistive Technology Professional (ATP) with over 18 years of experience in higher education accessibility consulting, Ms. Thorne has audited and transformed digital learning infrastructures for over 50 academic institutions worldwide.",
2,15:15,16:45,"Panel: The Future of Academic Publishing, Open Access, and Institutional Repositories",Dr. Brenda Ndlovu & Panel,Open Knowledge Foundation,Hall A,Policy & Governance,panel,https://example.org/papers/open-access-future.pdf,https://example.org/eval/session-204,"High subscription costs for commercial scientific journals and strict paywalls continue to hinder knowledge dissemination, particularly in developing regions. This panel explores the transition toward immediate open-access publishing models, diamond open-access infrastructure, institutional preprint servers, and transparent peer review protocols. Academic library directors, university press publishers, and open-science advocates discuss strategies for restructuring journal subscription agreements, managing Article Processing Charges (APCs), and establishing persistent digital archives that ensure permanent public access to publicly-funded research output.",Dr. Brenda Ndlovu is Chief Library Officer at the Open Knowledge Foundation and Chair of the African Open Science Platform Working Group. She holds a Doctorate in Information Studies from the Meridian Horizon University and has authored numerous policy guidelines on open-access repository management.,
3,09:00,10:30,Keynote: Work-Integrated Learning & Industry-Academia Ecosystems,Dr. Robert Sterling,Global Innovation Council,Grand Auditorium,Workforce & Industry,keynote,https://example.org/papers/sterling-work-integrated-learning.pdf,https://example.org/eval/session-301,"The rapid acceleration of industrial automation and technical specialization demands unprecedented alignment between higher education curricula and real-world workplace requirements. Dr. Sterling presents pioneering co-op and work-integrated learning (WIL) models that embed industry projects directly into undergraduate degree programs. Featuring empirical impact assessments from global engineering and software partnerships, this address details how structured mentorship, virtual internship sandboxes, and joint industry-faculty research labs significantly elevate graduate employability, reduce employer onboarding times, and foster entrepreneurial spinoffs.","Dr. Robert Sterling is Executive Director of the Global Innovation Council and former Dean of Engineering at the Vanguard Academy of Applied Sciences. A serial tech entrepreneur who holds 12 patents in robotics and telecommunications, Dr. Sterling has spent three decades building sustainable collaborative bridges between corporate research divisions and public university systems.",
3,10:45,12:15,Paper Presentations: Quantum Computing in Undergraduate Computer Science Curricula,Dr. Maya Lin & Dr. Jonas Schmidt,Apex Quantum Institute,Room 201,AI & Future Tech,session,https://example.org/papers/quantum-education-curriculum.pdf,https://example.org/eval/session-302,"Quantum information science is rapidly transitioning from specialized theoretical physics research into practical software engineering applications. However, most undergraduate computer science programs lack introductory quantum programming pathways. This paper presents a module-based curriculum using cloud-accessible quantum processors, Python-based quantum SDKs, and visual circuit simulators. The authors outline syllabus designs, assessment rubrics, and student project outcomes from a two-year pilot program that successfully introduced quantum algorithms, Qiskit programming, and quantum cryptography to second-year undergraduate students without requiring advanced graduate-level physics prerequisites.","Dr. Maya Lin is Senior Scientist at the Apex Quantum Institute and Adjunct Professor of Computer Science at Beacon State University. Dr. Jonas Schmidt leads the Quantum Software Outreach Program at the Global Horizon Science Network. Together, they have authored two widely used open-source textbooks on quantum programming for beginners.",
3,13:30,15:00,Workshop: Gamification & Active Learning Design in Large-Enrollment Courses,Prof. Isabella Rossi,Center for Pedagogical Innovation,Innovation Lab 1,Curriculum Design,workshop,https://example.org/papers/gamification-large-classes.pdf,https://example.org/eval/session-303,"Maintaining student engagement and active participation in lecture halls with 300+ students presents significant instructional hurdles. This interactive workshop demonstrates game-informed instructional design principles—including quest-based progression systems, peer challenge leaderboards, real-time polling mechanics, and interactive scenario simulations. Attendees will collaborate in small groups to redesign a standard passive lecture module into an active, gamified learning experience, incorporating low-cost digital tools and peer review feedback loops.","Prof. Isabella Rossi is Director of the Center for Pedagogical Innovation and Professor of Educational Psychology at the Crestview Academic Network. Recipient of the National Higher Education Teaching Excellence Award, Prof. Rossi's research focuses on intrinsic motivation, ludic learning environments, and cognitive load management in large digital classrooms.",
3,15:15,16:30,Closing Ceremony & Best Paper Awards,Conference Co-Chairs,Global Higher Ed Summit Board,Grand Auditorium,General,general,,https://example.org/eval/overall-summit,"Join the conference co-chairs and steering committee for the official closing ceremony of the 2026 Summit. Highlights include the presentation of the Best Research Paper Award, Best Student Presentation Award, and the Innovative Educator Distinction. The committee will also announce the venue and host institution for the upcoming 2027 Summit, followed by closing remarks and a farewell networking reception.",Co-Chairs: Prof. Alexander Vance (Apex Institute of Advanced Technology) and Dr. Fatima Al-Mansoor (Global Eco-Tech Institute).,
